Title,URL,Publication Date
"Petrobras: produção de óleo e gás sobe 2,4% no 2º tri, a 2,69 mi de barris por dia",https://www.infomoney.com.br/mercados/petrobras-petr4-producao-de-petroleo-gas-segundo-trimestre-2024/,2024-07-29T23:50:25+00:00
Lotofácil: prêmio de R$ 4 milhões é sorteado nesta segunda; veja dezenas,https://www.infomoney.com.br/consumo/lotofacil-premio-de-r-4-milhoes-e-sorteado-nesta-segunda-veja-dezenas/,2024-07-29T23:22:39+00:00
"Quina sorteia prêmio de R$ 4,8 milhões nesta segunda; veja números",https://www.infomoney.com.br/consumo/quina-sorteia-premio-de-r-48-milhoes-nesta-segunda-veja-numeros/,2024-07-29T23:03:01+00:00
Olimpíadas: confira a programação desta terça-feira,https://www.infomoney.com.br/consumo/olimpiadas-confira-a-programacao-desta-terca-feira/,2024-07-29T23:01:00+00:00
Líder da oposição diz que González obteve 70% dos votos na Venezuela,https://www.infomoney.com.br/mundo/lider-da-oposicao-diz-que-gonzalez-obteve-70-dos-votos-na-venezuela/,2024-07-29T23:00:25+00:00
Governo adia início da vigência de regra sobre trabalho do comércio em feriados,https://www.infomoney.com.br/economia/governo-adia-inicio-da-vigencia-de-regra-sobre-trabalho-do-comercio-em-feriados/,2024-07-29T22:13:46+00:00
Protestos eclodem em Caracas após Maduro reivindicar vitória em reeleição,https://www.infomoney.com.br/mundo/protestos-eclodem-em-caracas-apos-maduro-reivindicar-vitoria-em-reeleicao/,2024-07-29T21:56:21+00:00
"CCR (CCRO3) tem lucro ajustado de R$ 411 milhões no 2º tri, alta de 102,1% no ano",https://www.infomoney.com.br/mercados/ccr-ccro3-resultados-segundo-trimestre-2024/,2024-07-29T21:48:30+00:00
"Brasil, México e Colômbia negociam declaração conjunta sobre eleições na Venezuela",https://www.infomoney.com.br/mercados/brasil-mexico-e-colombia-negociam-declaracao-conjunta-sobre-eleicoes-na-venezuela/,2024-07-29T21:40:02+00:00
BC comunica vazamento de dados de chaves Pix de cooperativas filiadas à Unicred,https://www.infomoney.com.br/minhas-financas/bc-comunica-vazamento-de-dados-de-chaves-pix-de-cooperativas-filiadas-a-unicred/,2024-07-29T21:35:21+00:00
"Argentina, Chile e mais: Venezuela expulsa corpo diplomático de 7 países após eleição",https://www.infomoney.com.br/mundo/venezuela-expulsa-corpo-diplomatico-de-sete-paises-apos-eleicoes-presidenciais/,2024-07-29T21:29:49+00:00
"Telefônica, dona da Vivo (VIVT3), registra lucro de R$ 1,2 Bilhão no segundo tri",https://www.infomoney.com.br/mercados/telefonica-dona-da-vivo-vivt3-registra-lucro-de-r-12-bilhao-no-segundo-tri/,2024-07-29T21:27:35+00:00
Ministro afirma que não há previsão de reavaliação do limite de juros para consignado,https://www.infomoney.com.br/minhas-financas/ministro-afirma-que-nao-ha-previsao-de-reavaliacao-do-limite-de-juros-para-consignado/,2024-07-29T20:53:37+00:00
Tesouro Direto bate recorde de aplicações em junho; veja títulos mais buscados,https://www.infomoney.com.br/onde-investir/tesouro-direto-bate-recorde-de-aplicacoes-em-junho-veja-titulos-mais-buscados/,2024-07-29T20:37:27+00:00
"S&amp;P 500 tem pequena alta antes de balanços importantes, dados dos EUA e Fed",https://www.infomoney.com.br/mercados/sp-500-tem-pequena-alta-antes-de-balancos-importantes-dados-dos-eua-e-fed/,2024-07-29T20:31:14+00:00
"Dólar fecha em queda de 0,57%, a R$ 5,62, à espera das decisões de FOMC e Copom",https://www.infomoney.com.br/mercados/dolar-hoje-abertura-fechamento-comercial-turismo-29072024/,2024-07-29T20:28:54+00:00
"Usiminas: BofA rebaixa USIM5 à venda após resultados fracos no 2º tri e ação cai 4,4%",https://www.infomoney.com.br/mercados/usiminas-bofa-rebaixa-usim5-a-venda-apos-resultados-fracos-no-2o-tri-e-acao-cai-5/,2024-07-29T20:25:37+00:00
Governo quer terminar ano com 800 mil verificações de benefícios temporários do INSS,https://www.infomoney.com.br/politica/governo-quer-terminar-ano-com-800-mil-verificacoes-de-beneficios-temporarios-do-inss/,2024-07-29T20:23:45+00:00
"Petrobras: ações caem mais de 2%, com petróleo em baixa e possíveis compras no radar",https://www.infomoney.com.br/mercados/petrobras-acoes-caem-cerca-de-3-com-petroleo-em-baixa-e-possiveis-compras-no-radar/,2024-07-29T20:23:18+00:00
"Ibovespa fecha em queda puxado por perdas de Petrobras, Usiminas e Magalu; Vale sobe",https://www.infomoney.com.br/mercados/ibovespa-hoje-bolsa-de-valores-ao-vivo-29072024/,2024-07-29T20:22:08+00:00
Retrato perdido de Henrique VIII é achado em salão de festas inglês após post no X,https://www.infomoney.com.br/mundo/retrato-perdido-de-henrique-viii-encontrado-na-inglaterra-apos-postagem-no-x/,2024-07-29T20:14:47+00:00
"Taxas futuras de juros sobem à espera de decisões de Copom, Fed e Banco do Japão",https://www.infomoney.com.br/mercados/taxas-futuras-de-juros-sobem-a-espera-de-decisoes-de-copom-fed-e-banco-do-japao/,2024-07-29T20:14:26+00:00
SBF (SBFG3) reverte prejuízo e ações fecham em alta de 10%: veja o que animou mercado,https://www.infomoney.com.br/mercados/grupo-sbf-sbfg3-resultados-segundo-trimestre-2024-analise-desempenho-acoes/,2024-07-29T20:08:39+00:00
Exportação de carne bovina do Brasil marca recorde antes do mês acabar,https://www.infomoney.com.br/economia/exportacao-de-carne-bovina-do-brasil-marca-recorde-antes-do-mes-acabar/,2024-07-29T19:39:37+00:00
Petróleo fecha em queda diante de alta do dólar e incertezas sobre demanda na China,https://www.infomoney.com.br/mercados/petroleo-fecha-em-queda-diante-de-alta-do-dolar-e-incertezas-sobre-demanda/,2024-07-29T19:39:00+00:00
"Isenções da cesta básica não devem reduzir os preços com reforma, dizem especialistas",https://www.infomoney.com.br/politica/isencoes-da-cesta-basica-nao-devem-reduzir-os-precos-com-reforma-dizem-especialistas/,2024-07-29T19:37:37+00:00
Ação da Heineken desaba após balanço frustrar: qual a leitura para a Ambev no Brasil?,https://www.infomoney.com.br/mercados/acao-da-heineken-desaba-apos-balanco-frustrar-qual-a-leitura-para-a-ambev-no-brasil/,2024-07-29T18:54:54+00:00
Encomenda retida? Correios alertam para golpe em compras; veja como se proteger,https://www.infomoney.com.br/consumo/encomenda-retida-correios-alertam-para-golpe-em-compras-veja-como-se-proteger/,2024-07-29T18:45:00+00:00
TIM (TIMS3) e Vivo (VIVT3) devem trazer bons dados no 2T e manter tendência positiva,https://www.infomoney.com.br/mercados/tim-tims3-e-vivo-vivt3-devem-trazer-bons-dados-no-2t-e-manter-tendencia-positiva/,2024-07-29T18:30:04+00:00
EUA acusam Venezuela de manipulação eleitoral e repressão,https://www.infomoney.com.br/mundo/eua-acusam-venezuela-de-manipulacao-eleitoral-e-repressao/,2024-07-29T18:25:07+00:00
Moro em um imóvel há cinco anos. Posso provar usucapião?,https://www.infomoney.com.br/minhas-financas/moro-em-um-imovel-ha-cinco-anos-posso-provar-usucapiao/,2024-07-29T18:01:00+00:00
Mega-Sena acumulada sorteia R$ 100 milhões nesta terça; quanto rendem na poupança?,https://www.infomoney.com.br/onde-investir/mega-sena-acumulada-sorteia-r-100-milhoes-nesta-terca-quanto-rendem-na-poupanca/,2024-07-29T18:00:00+00:00
Netanyahu diz que Hamas está impedindo acordo e que Israel não mudou condições,https://www.infomoney.com.br/mundo/netanyahu-diz-que-hamas-esta-impedindo-acordo-e-que-israel-nao-mudou-condicoes/,2024-07-29T17:55:40+00:00
Conselho Nacional Eleitoral da Venezuela proclama Nicolás Maduro presidente,https://www.infomoney.com.br/mercados/conselho-eleitoral-proclama-nicolas-maduro-como-presidente-da-venezuela/,2024-07-29T17:38:47+00:00
"Discussão é sobre o quão próximo estamos de cumprir meta fiscal, diz Ceron",https://www.infomoney.com.br/politica/discussao-e-sobre-o-quao-proximo-estamos-de-cumprir-meta-fiscal-diz-ceron/,2024-07-29T17:38:39+00:00
Biden propõe limites de mandato para juízes da Suprema Corte dos EUA,https://www.infomoney.com.br/mundo/biden-propoe-limites-de-mandato-para-juizes-da-suprema-corte-dos-eua/,2024-07-29T17:20:31+00:00
Chefe do MP venezuelano acusa líder da oposição de sabotagem eleitoral,https://www.infomoney.com.br/mundo/procurador-geral-acusa-lider-da-oposicao-de-sabotagem-eleitoral-na-venezuela/,2024-07-29T17:17:51+00:00
Ações europeias fecham em baixa antes de decisão do Fed e de balanços,https://www.infomoney.com.br/mercados/acoes-europeias-fecham-em-baixa-antes-de-decisao-do-fed-e-de-balancos/,2024-07-29T17:11:11+00:00
TRF-5 divulga edital de concurso público; vagas têm salário inicial de R$ 8.500,https://www.infomoney.com.br/carreira/trf-5-divulga-edital-de-concurso-publico-vagas-tem-salario-inicial-de-r-8-500/,2024-07-29T17:06:51+00:00
"Desesperada por dólares, Cuba proíbe empresas de usarem bancos dos EUA",https://www.infomoney.com.br/economia/desesperada-por-dolares-cuba-proibe-empresas-de-usarem-bancos-dos-eua/,2024-07-29T16:53:47+00:00
Apple vai adiar implementação de recursos de IA em novo sistema operacional,https://www.infomoney.com.br/business/apple-vai-adiar-implementacao-de-recursos-de-ia-em-novo-sistema-operacional/,2024-07-29T16:29:11+00:00
Ex-presidente Zuma é expulso de seu partido na África do Sul após derrota eleitoral,https://www.infomoney.com.br/mundo/ex-presidente-zuma-e-expulso-de-seu-partido-na-africa-do-sul-apos-derrota-eleitoral/,2024-07-29T16:09:53+00:00
Petrolíferas ou bancos: qual setor paga mais dividendos?,https://www.infomoney.com.br/onde-investir/petroliferas-ou-bancos-qual-setor-paga-mais-dividendos/,2024-07-29T16:00:00+00:00
Países latino-americanos pedem reunião urgente da OEA por eleições na Venezuela,https://www.infomoney.com.br/mundo/paises-latino-americanos-pedem-reuniao-urgente-da-oea-por-eleicoes-na-venezuela/,2024-07-29T15:54:24+00:00
Tesouro Direto: taxas de prefixados voltam a subir e se aproximam de recorde do ano,https://www.infomoney.com.br/onde-investir/tesouro-direto-taxas-de-prefixados-voltam-a-subir-e-se-aproximam-de-recorde-do-ano/,2024-07-29T15:48:43+00:00
Hamas acusa Netanyahu de acrescentar novas condições à proposta de cessar-fogo,https://www.infomoney.com.br/mundo/hamas-acusa-netanyahu-de-acrescentar-novas-condicoes-a-proposta-de-cessar-fogo/,2024-07-29T15:44:54+00:00
MEIs e empregadores domésticos devem se cadastrar no DET até quinta (1); veja como,https://www.infomoney.com.br/minhas-financas/meis-e-empregadores-domesticos-devem-se-cadastrar-no-det-ate-quinta-1-veja-como/,2024-07-29T15:32:07+00:00
"Usiminas (USIM5) deve ter novamente custos pressionados no 3º trimestre, diz analista",https://www.infomoney.com.br/mercados/usiminas-usim5-deve-ter-novamente-custos-pressionados-no-3o-trimestre-diz-analista/,2024-07-29T15:30:44+00:00
Voos em Beirute são cancelados ou adiados em meio a temores de ataque israelense,https://www.infomoney.com.br/mundo/voos-em-beirute-sao-cancelados-ou-adiados-em-meio-a-temores-de-ataque-israelense/,2024-07-29T15:26:54+00:00
Atividade manufatureira da China deve registrar queda crescente em julho,https://www.infomoney.com.br/economia/atividade-manufatureira-da-china-deve-registrar-queda-crescente-em-julho/,2024-07-29T15:14:26+00:00
E se Petrobras comprar bloco na Namíbia: oportunidade ou só pressão para dividendos?,https://www.infomoney.com.br/mercados/e-se-petrobras-comprar-bloco-na-namibia-oportunidade-ou-so-pressao-para-dividendos/,2024-07-29T15:07:36+00:00
Elon Musk viola suas próprias regras no X e posta vídeo falso de Kamala Harris ,https://www.infomoney.com.br/mundo/elon-musk-viola-suas-proprias-regras-no-x-e-posta-video-falso-de-kamala-harris/,2024-07-29T14:35:20+00:00
Restituição do Imposto de Renda: como saber se vou receber valores no 3º lote?,https://www.infomoney.com.br/minhas-financas/restituicao-do-imposto-de-renda-como-saber-se-vou-receber-valores-no-3o-lote/,2024-07-29T14:35:00+00:00
Governo brasileiro pede “verificação imparcial” dos resultados na Venezuela,https://www.infomoney.com.br/mundo/governo-brasileiro-pede-verificacao-imparcial-dos-resultados-na-venezuela/,2024-07-29T14:33:22+00:00
China: Evergrande Auto sofre pedido de falência e ação tomba em Hong Kong,https://www.infomoney.com.br/mercados/china-evergrande-auto-sofre-pedido-de-falencia-e-acao-tomba-em-hong-kong/,2024-07-29T13:50:55+00:00
Foi vítima de golpe do &#8216;Pix errado&#8217;? Saiba quando o seguro cobre a transação bancária,https://www.infomoney.com.br/minhas-financas/foi-vitima-de-golpe-do-pix-errado-saiba-quando-o-seguro-cobre-a-transacao-bancaria/,2024-07-29T13:45:00+00:00
Caixa Seguridade é compra para BBI: &#8220;dividendo fornece proteção em ambiente incerto&#8221;,https://www.infomoney.com.br/mercados/caixa-seguridade-cxse3-elevada-compra-bradesco-bbi-dividendo-fornece-protecao-em-ambiente-incerto/,2024-07-29T13:36:11+00:00
"Allos (ALOS3) diz que brMalls vai emitir até R$ 2,5 bilhões em debêntures",https://www.infomoney.com.br/mercados/allos-alos3-diz-que-brmalls-vai-emitir-ate-r-25-bilhoes-em-debentures/,2024-07-29T13:04:00+00:00
França suspeita que grupos de extrema-esquerda estejam por trás da sabotagem de trens,https://www.infomoney.com.br/mundo/franca-suspeita-que-grupos-de-extrema-esquerda-estejam-por-tras-da-sabotagem-de-trens/,2024-07-29T12:56:36+00:00
Vale (VALE3) diz que avalia oportunidades após rumores sobre compra da Teck,https://www.infomoney.com.br/mercados/vale-vale3-diz-que-avalia-oportunidades-apos-rumores-sobre-compra-da-teck/,2024-07-29T12:54:06+00:00
Usiminas diz que CSN descumpriu decisão da Justiça para venda de ações,https://www.infomoney.com.br/mercados/usiminas-diz-que-csn-descumpriu-decisao-da-justica-para-venda-de-acoes/,2024-07-29T12:40:15+00:00
"Lula sanciona lei que cria a Letra de Crédito de Desenvolvimento, sem vetos",https://www.infomoney.com.br/politica/lula-sanciona-lei-que-cria-a-letra-de-credito-de-desenvolvimento-sem-vetos/,2024-07-29T12:36:35+00:00
"Governos da Rússia, China, Cuba, Irã e Bolívia parabenizam Maduro pela vitória",https://www.infomoney.com.br/mundo/governos-da-russia-china-cuba-ira-e-bolivia-parabenizam-maduro-pela-vitoria/,2024-07-29T12:34:13+00:00
"Por que bacon, cannabis e IA podem alavancar IPOs nos EUA – e como participar",https://www.infomoney.com.br/onde-investir/por-que-bacon-cannabis-e-ia-podem-alavancar-ipos-nos-eua-e-como-participar/,2024-07-29T12:30:00+00:00
Ibovespa Futuro cai antes decisões de BCs e produção da Petrobras (PETR4),https://www.infomoney.com.br/mercados/ibovespa-futuro-cai-antes-decisoes-de-bcs-e-producao-da-petrobras-petr4/,2024-07-29T12:15:13+00:00
Minério de ferro fecha em leve alta em Dalian com dados industriais da China,https://www.infomoney.com.br/mercados/minerio-de-ferro-fecha-em-leve-alta-em-dalian-com-dados-industriais-da-china/,2024-07-29T12:11:00+00:00
Medsystems: pioneira em tecnologias do mercado de estética diversifica o negócio,https://www.infomoney.com.br/business/medsystems-pioneira-em-tecnologias-do-mercado-de-estetica-diversifica-o-negocio/,2024-07-29T12:08:53+00:00
Autoridades israelenses dizem que buscam evitar guerra total em retaliação ao Líbano,https://www.infomoney.com.br/mundo/autoridades-israelenses-dizem-que-buscam-evitar-guerra-total-em-retaliacao-ao-libano/,2024-07-29T12:07:38+00:00
"Zamp, Grupo SBF, Vale, Vivo e mais ações para acompanhar nesta 2ª",https://www.infomoney.com.br/mercados/zamp-grupo-sbf-vale-vivo-e-mais-acoes-para-acompanhar-nesta-2a/,2024-07-29T11:59:47+00:00
"Déficit primário em junho foi de R$ 40,9 bilhões e chegou a 2,44% do PIB em 12 meses",https://www.infomoney.com.br/economia/deficit-primario-em-junho-foi-de-r-409-bilhoes-e-chegou-a-244-do-pib-em-12-meses/,2024-07-29T11:55:40+00:00
"Heineken sofre prejuízo inesperado no 1º semestre, de 95 milhões de euros",https://www.infomoney.com.br/mercados/heineken-sofre-prejuizo-inesperado-no-1o-semestre-de-95-milhoes-de-euros/,2024-07-29T11:44:50+00:00
Boletim Focus: projeções de IPCA e PIB de 2024 e 2025 voltam a subir,https://www.infomoney.com.br/economia/boletim-focus-projecoes-de-ipca-e-pib-de-2024-e-2025-voltam-a-subir/,2024-07-29T11:33:46+00:00
"Não vivemos cenário de responsabilidade fiscal, diz analista sobre fala de Lula na TV",https://www.infomoney.com.br/mercados/nao-vivemos-cenario-de-responsabilidade-fiscal-diz-analista-sobre-fala-de-lula-na-tv/,2024-07-29T11:33:36+00:00
"Corte de juro não deve ocorrer nesta semana em meio a incertezas, diz Guilherme Mello",https://www.infomoney.com.br/politica/corte-de-juro-nao-deve-ocorrer-nesta-semana-em-meio-a-incertezas-diz-guilherme-mello/,2024-07-29T11:27:51+00:00
Confiança da indústria cresce em julho e engata 4º mês seguido de alta,https://www.infomoney.com.br/economia/confianca-da-industria-cresce-em-julho-e-engata-4o-mes-seguido-de-alta/,2024-07-29T11:08:35+00:00
Zamp (ZAMP3) aprova aumento de capital no valor de até R$ 450 milhões,https://www.infomoney.com.br/mercados/zamp-zamp3-aprova-aumento-de-capital-no-valor-de-ate-r-450-milhoes/,2024-07-29T11:03:36+00:00
Como o assessor de investimentos pode prospectar mais clientes?,https://www.infomoney.com.br/advisor/como-o-assessor-de-investimentos-pode-prospectar-mais-clientes/,2024-07-29T11:00:00+00:00
Enauta (ENAT3) retoma produção no Campo de Atlanta,https://www.infomoney.com.br/mercados/enauta-enat3-retoma-producao-no-campo-de-atlanta/,2024-07-29T10:58:46+00:00
Day Trade Hoje: O que esperar dos minicontratos e do Ibovespa nesta segunda-feira,https://www.infomoney.com.br/mercados/mercados-day-trade-hoje-analistas-29072024/,2024-07-29T10:45:52+00:00
Bitcoin atinge maior preço em 6 semanas após discurso de Trump,https://www.infomoney.com.br/onde-investir/bitcoin-hoje-atinge-maior-preco-em-6-semanas-apos-discurso-de-trump/,2024-07-29T10:40:20+00:00
Futuro de Bitcoin (BITQ24): confira os pontos de suporte e resistência desta 2ª feira,https://www.infomoney.com.br/mercados/futuro-bitcoin-bitq24-analise-tecnica-29072024/,2024-07-29T10:30:00+00:00
"Maduro é reeleito na Venezuela, mas resultado oficial é contestado",https://www.infomoney.com.br/mundo/maduro-e-reeleito-na-venezuela-mas-resultado-oficial-e-contestado/,2024-07-29T10:28:03+00:00
BC divulga estatísticas fiscais em semana de Copom; produção da Petrobras e mais,https://www.infomoney.com.br/mercados/bc-divulga-estatisticas-fiscais-em-semana-de-copom-producao-da-petrobras-e-mais/,2024-07-29T10:21:27+00:00
"Minidólar (WDOQ24) tem potencial para alta, caso supere os 5.676 pontos",https://www.infomoney.com.br/mercados/minidolar-hoje-futuro-do-dolar-wdoq24-29072024/,2024-07-29T10:18:00+00:00
"Dow Jones Futuro sobe, em início de semana marcada por Fed e dados de trabalho",https://www.infomoney.com.br/mercados/dow-jones-futuro-sobe-em-inicio-de-semana-marcada-por-fed-e-dados-de-trabalho/,2024-07-29T10:15:26+00:00
"Mini-índice (WINQ24) pode continuar em alta, com resistência nos 128.500 pontos",https://www.infomoney.com.br/mercados/mini-indice-hoje-futuro-ibovespa-winq24-29072024/,2024-07-29T10:07:06+00:00
Como o Starbucks desvalorizou sua própria marca,https://www.infomoney.com.br/business/global/como-o-starbucks-desvalorizou-sua-propria-marca/,2024-07-29T09:00:00+00:00
"Lula diz que, em seu governo, o Brasil se reencontrou com a civilização",https://www.infomoney.com.br/politica/lula-diz-que-em-seu-governo-o-brasil-se-reencontrou-com-a-civilizacao/,2024-07-29T00:14:01+00:00
Aiatolá Khamenei endossa presidente eleito Pezeshkian e ataca Israel em discurso,https://www.infomoney.com.br/mundo/aiatola-khamenei-endossa-presidente-eleito-pezeshkian-e-ataca-israel-em-discurso/,2024-07-28T21:05:00+00:00
&#8220;Deadpool &amp; Wolverine&#8221; estreia nos EUA e Canadá arrecadando US$ 205 milhões,https://www.infomoney.com.br/consumo/deadpool-wolverine-estreia-nos-eua-e-canada-arrecadando-us-205-milhoes/,2024-07-28T20:30:00+00:00
"O que esperar do Ibovespa, bitcoin, Vale e Petrobras pela análise técnica na semana?",https://www.infomoney.com.br/mercados/ibovespa-petr4-vale3-bitcoin-analise-tecnica-cohen-28072024/,2024-07-28T20:02:00+00:00
Putin alerta EUA sobre crise de mísseis ao estilo da Guerra Fria,https://www.infomoney.com.br/mercados/putin-alerta-eua-sobre-crise-de-misseis-ao-estilo-da-guerra-fria/,2024-07-28T19:30:00+00:00
"Paródia de &#8220;A Última Ceia&#8221; não quis desrespeitar, diz comitê organizador de Paris",https://www.infomoney.com.br/mundo/parodia-de-a-ultima-ceia-nao-quis-desrespeitar-diz-comite-organizador-de-paris/,2024-07-28T19:00:00+00:00
Eleição na Venezuela tem grandes filas e promessas de respeito às urnas,https://www.infomoney.com.br/mundo/eleicao-na-venezuela-tem-grandes-filas-e-promessas-de-respeito-as-urnas/,2024-07-28T18:58:09+00:00
França investiga ameaças de morte contra atletas olímpicos israelenses,https://www.infomoney.com.br/mundo/franca-investiga-ameacas-de-morte-contra-atletas-olimpicos-israelenses/,2024-07-28T18:50:00+00:00
Brasil ganha suas três primeiras medalhas em Paris; judoca Willian Lima é prata,https://www.infomoney.com.br/mundo/brasil-ganha-suas-tres-primeiras-medalhas-em-paris-judoca-willian-lima-e-prata/,2024-07-28T16:42:39+00:00
Falha da CrowdStrike lança foco sobre fragilidade no resultado financeiro da empresa,https://www.infomoney.com.br/business/falha-da-crowdstrike-lanca-foco-sobre-fragilidade-no-resultado-financeiro-da-empresa/,2024-07-28T16:30:00+00:00
6 passaportes mais poderosos do mundo em 2024,https://www.infomoney.com.br/web-stories/6-passaportes-mais-poderosos-do-mundo-em-2024/,2024-07-28T16:00:00+00:00
Lula fará balanço de sua gestão em rede nacional neste domingo,https://www.infomoney.com.br/politica/lula-fara-balanco-de-sua-gestao-em-rede-nacional-neste-domingo/,2024-07-28T15:57:50+00:00
Campanha de Kamala Harris arrecada US$ 200 milhões em uma semana,https://www.infomoney.com.br/mundo/campanha-de-kamala-harris-arrecada-us-200-milhoes-em-uma-semana/,2024-07-28T15:30:00+00:00
Os 20 atletas mais bem pagos de Paris-2024 (e o líder da lista não está na NBA),https://www.infomoney.com.br/business/os-20-atletas-mais-bem-pagos-de-paris-2024-e-o-lider-da-lista-nao-esta-na-nba/,2024-07-28T15:26:18+00:00
Queijo artesanal cai no gosto do consumidor e já representa 20% do mercado nacional,https://www.infomoney.com.br/business/queijo-artesanal-cai-no-gosto-do-consumidor-e-ja-representa-20-do-mercado-nacional/,2024-07-28T15:00:00+00:00
Apostas da Mega financiam atletas olímpicos? Diretor do COB explica,https://www.infomoney.com.br/business/apostas-da-mega-financiam-atletas-olimpicos-diretor-do-cob-explica/,2024-07-28T14:18:16+00:00
Maior importação de diesel russo reduz pressão sobre preços da Petrobras (PETR4),https://www.infomoney.com.br/mercados/maior-importacao-de-diesel-russo-reduz-pressao-sobre-precos-da-petrobras-petr4/,2024-07-28T14:15:00+00:00
Ataque que matou crianças e adolescentes de Israel pode escalar a guerra,https://www.infomoney.com.br/mundo/ataque-que-matou-criancas-e-adolescentes-de-israel-pode-escalar-a-guerra/,2024-07-28T13:20:38+00:00
"Taxação de aluguéis deve dobrar após reforma, calcula entidade da construção",https://www.infomoney.com.br/consumo/taxacao-de-alugueis-deve-dobrar-apos-reforma-calcula-entidade-da-construcao/,2024-07-28T13:00:00+00:00
O que levou a Athena Capital a apostar em &#8220;joia&#8221; brasileira da tecnologia,https://www.infomoney.com.br/onde-investir/o-que-levou-a-athena-capital-a-apostar-em-joia-brasileira-da-tecnologia/,2024-07-28T13:00:00+00:00
"Copom, Fomc e dados de trabalho no Brasil e nos EUA: o que acompanhar na semana",https://www.infomoney.com.br/mercados/agenda-economica-copom-fomc-e-dados-de-trabalho-no-brasil-e-nos-eua-o-que-acompanhar-na-semana/,2024-07-28T12:25:00+00:00
Governo tem projeto para substituir o gás de cozinha em regiões isoladas,https://www.infomoney.com.br/mercados/governo-tem-projeto-para-substituir-o-gas-de-cozinha-em-regioes-isoladas/,2024-07-28T12:19:24+00:00
Dividendos da semana: Ecorodovias e Telefônica estão entre as empresas que pagam,https://www.infomoney.com.br/onde-investir/dividendos-da-semana-pagamentos-entre-29-de-julho-a-2-de-agosto-2024/,2024-07-28T12:15:00+00:00
"Corrida, pedaladas e natação: como o triatlo revigorou a carreira destes executivos",https://www.infomoney.com.br/business/como-triatlo-impulsionou-carreira-destes-executivos/,2024-07-28T12:01:00+00:00
"Vai mudar de país? Brisbane, na Austrália, atrai brasileiros por baixo custo de vida",https://www.infomoney.com.br/consumo/vai-mudar-de-pais-brisbane-na-australia-atrai-brasileiros-por-baixo-custo-de-vida/,2024-07-28T12:01:00+00:00
"As criptos nascem da tecnologia, mas, segundo este autor, quem embala é o crime",https://www.infomoney.com.br/onde-investir/entrevista-geoff-white/,2024-07-28T11:45:00+00:00
Lotofácil: concurso 3.166 não tem ganhadores e prêmio acumula para R$ 4 milhões,https://www.infomoney.com.br/consumo/lotofacil-concurso-3166-numeros-sorteados-rateio-premio-4-milhoes/,2024-07-28T11:42:05+00:00
Paris-2024 deve custar US$ 3 bi a menos do que Rio-2016; saiba por que,https://www.infomoney.com.br/mundo/paris-2024-deve-custar-us-3-bi-a-menos-do-que-rio-2016-saiba-por-que/,2024-07-28T11:34:00+00:00
"Quina: prêmio acumula e sobe para R$ 4,8 milhões; veja números sorteados",https://www.infomoney.com.br/consumo/quina-concurso-6492-numeros-sorteados-rateio-premio-48-milhoes/,2024-07-28T11:24:50+00:00
Mega-Sena acumula novamente e prêmio vai a R$ 100 milhões,https://www.infomoney.com.br/consumo/mega-sena-concurso-2754-numeros-sorteados-rateio-premio-100-milhoes/,2024-07-28T11:11:14+00:00
1 em cada 4 gestores admite que volta ao presencial busca incentivar demissões,https://www.infomoney.com.br/business/global/chefes-admitem-que-retorno-presencial-buscava-demissoes-voluntarias/,2024-07-28T11:00:00+00:00
"Klabin, Ambev, WEG, Gerdau e mais: confira a agenda de balanços da semana",https://www.infomoney.com.br/mercados/klabin-ambev-weg-gerdau-e-mais-confira-a-agenda-de-balancos-da-semana/,2024-07-28T10:45:00+00:00
Maduro x oposição. Como será a eleição na Venezuela hoje?,https://www.infomoney.com.br/mundo/maduro-x-oposicao-como-sera-a-eleicao-na-venezuela-hoje/,2024-07-28T10:00:00+00:00
